Sleek Fresh Car,95608,98009
Ergonomic Fresh Fish,42447,5470
Tasty Cotton Keyboard,1142,53691
Gorgeous Metal Pizza,87438,27225
Intelligent Wooden Sausages,42313,31374
Unbranded Soft Table,78734,75138
Ergonomic Fresh Chair,82715,64136
Generic Fresh Chicken,70651,56839
Intelligent Concrete Shirt,67512,31481
Ergonomic Steel Chips,8679,31894
Incredible Metal Sausages,69791,21624
Small Plastic Chips,73285,18949
Ergonomic Soft Bacon,39740,38655
Handcrafted Concrete Shoes,13295,69737
Gorgeous Metal Chips,30577,11935
Small Rubber Towels,8843,1421
Fantastic Granite Shoes,27747,45108
Practical Wooden Shoes,97307,47290
Rustic Cotton Chicken,1159,74289
Practical Granite Computer,43274,51919
Small Soft Towels,10010,39175
Ergonomic Fresh Shoes,32566,42223
Refined Metal Ball,20063,9735
Incredible Steel Bacon,54718,75884
Refined Fresh Computer,59932,18629
Licensed Metal Shoes,23872,43910
Ergonomic Frozen Car,87675,12407
Sleek Rubber Chips,17886,61431
Practical Fresh Keyboard,85039,87102
Small Soft Ball,67041,82270
Small Soft Keyboard,97657,24072
Gorgeous Granite Chair,92242,12207
Fantastic Frozen Towels,2050,56518
Tasty Granite Keyboard,58076,72607
Tasty Steel Mouse,14505,8795
Tasty Soft Shoes,51610,84041
Licensed Plastic Bike,78842,99297
Incredible Granite Tuna,83762,43511
Fantastic Steel Mouse,13484,82824
Fantastic Plastic Bacon,73788,27754
Handcrafted Soft Bacon,67212,95550
Awesome Cotton Hat,72099,50347
Small Soft Soap,23553,35302
Intelligent Rubber Soap,46539,49282
Rustic Concrete Soap,88618,45226
Generic Steel Cheese,67843,85244
Generic Frozen Cheese,30101,29432
Awesome Concrete Computer,49686,55371
Small Frozen Keyboard,55164,45065
Intelligent Rubber Chair,74892,39673
Sleek Cotton Salad,64481,35795
Gorgeous Concrete Ball,17244,42081
Tasty Plastic Chips,26118,95368
Small Metal Towels,40550,58254
Handcrafted Granite Pizza,40406,91734
Incredible Cotton Chicken,5766,25159
Intelligent Concrete Fish,40127,34714
Licensed Granite Towels,45513,92348
Refined Granite Fish,95250,90705
Unbranded Steel Towels,70620,14077
Practical Rubber Gloves,72743,53127
Incredible Cotton Bacon,60762,88383
Unbranded Granite Bacon,112,67836
Sleek Wooden Shoes,53424,68022
Tasty Steel Ball,95785,26941
Ergonomic Cotton Soap,77537,46967
Incredible Concrete Mouse,8392,66061
Handmade Wooden Car,83963,18319
Generic Fresh Bacon,1783,91119
Sleek Granite Chicken,25917,67766
Handcrafted Soft Soap,42159,1409
Rustic Wooden Hat,59476,37994
Intelligent Concrete Car,19864,19181
Licensed Frozen Shoes,53361,58959
Practical Steel Ball,59257,65730
Awesome Concrete Bike,1528,79747
Incredible Rubber Cheese,72117,76178
Rustic Metal Tuna,25173,51798
Refined Cotton Shirt,17570,68635
Sleek Soft Shirt,9224,51417
Licensed Soft Shoes,50978,77211
Ergonomic Soft Chair,73771,64460
Sleek Concrete Car,74791,94893
Licensed Rubber Mouse,99126,99566
Tasty Cotton Shirt,67987,59254
Handcrafted Concrete Computer,74444,5191
Handcrafted Granite Salad,47130,65549
Handcrafted Granite Soap,50045,76965
Incredible Soft Shirt,81998,2639
Awesome Plastic Shirt,18826,88541
Tasty Cotton Shoes,23813,13899
Handcrafted Metal Tuna,83582,74822
Licensed Metal Bacon,25071,69685
Intelligent Rubber Towels,73396,54323
Incredible Cotton Soap,84207,79466
Sleek Rubber Keyboard,41329,2279
Awesome Cotton Mouse,33766,1550
Fantastic Soft Gloves,23638,91005
Sleek Concrete Soap,53745,64062
Sleek Concrete Shirt,97861,33327
